day,equity
2025-10-05,10000
2025-10-06,10000
2025-10-07,10000
2025-10-08,10000
2025-10-09,10000
2025-10-10,10000
2025-10-11,10000
2025-10-12,10000
2025-10-13,10000
2025-10-14,10000
2025-10-15,10000
2025-10-16,10000
2025-10-17,10000
2025-10-18,10000
2025-10-19,10000
2025-10-20,10000
2025-10-21,10000
2025-10-22,10000
2025-10-23,10000
2025-10-24,10000
2025-10-25,10000
2025-10-26,10000
2025-10-27,10000
2025-10-28,10000
2025-10-29,10000
2025-10-30,10000
2025-10-31,10000
2025-11-01,10000
2025-11-02,10000
2025-11-03,10000
2025-11-04,10000
2025-11-05,10000
2025-11-06,10000
2025-11-07,10000
2025-11-08,10000
2025-11-09,10000
2025-11-10,10000
2025-11-11,10000
2025-11-12,10000
2025-11-13,10000
2025-11-14,10000
2025-11-15,10000
2025-11-16,10000
2025-11-17,10000
2025-11-18,10000
2025-11-19,10000
2025-11-20,10000
2025-11-21,10000
2025-11-22,10000
2025-11-23,10000
2025-11-24,10000
2025-11-25,10000
2025-11-26,10000
2025-11-27,10000
2025-11-28,10000
2025-11-29,10000
2025-11-30,10000
2025-12-01,10000
2025-12-02,10000
2025-12-03,10000
2025-12-04,10000
2025-12-05,10000
2025-12-06,10000
2025-12-07,10000
2025-12-08,10000
2025-12-09,10000
2025-12-10,10000
2025-12-11,10000
2025-12-12,10000
2025-12-13,10000
2025-12-14,10000
2025-12-15,10000
2025-12-16,10000
2025-12-17,10000
2025-12-18,10000
2025-12-19,10000
2025-12-20,10000
2025-12-21,10000
2025-12-22,10000
2025-12-23,10000
2025-12-24,10000
2025-12-25,10000
2025-12-26,10000
2025-12-27,10000
2025-12-28,10000
2025-12-29,10000
2025-12-30,10000
2025-12-31,10000
2026-01-01,10000
2026-01-02,10000
2026-01-03,10000
2026-01-04,10000
2026-01-05,10000
2026-01-06,10000
2026-01-07,10000
2026-01-08,10000
2026-01-09,10000
2026-01-10,10000
2026-01-11,10000
2026-01-12,10000
2026-01-13,10000
2026-01-14,10000
2026-01-15,10000
2026-01-16,10000
2026-01-17,10000
2026-01-18,10000
2026-01-19,10000
2026-01-20,10000
2026-01-21,10000
2026-01-22,10000
2026-01-23,10000
2026-01-24,10000
2026-01-25,10000
2026-01-26,10000
2026-01-27,10000
2026-01-28,10000
2026-01-29,10000
2026-01-30,10000
2026-01-31,10000
2026-02-01,10000
2026-02-02,10000
2026-02-03,10000
2026-02-04,10000
2026-02-05,10000
2026-02-06,10000
2026-02-07,10000
2026-02-08,10000
2026-02-09,10000
2026-02-10,10000
2026-02-11,10000
2026-02-12,10000
2026-02-13,10000
2026-02-14,10000
2026-02-15,10000
2026-02-16,10000
2026-02-17,10000
2026-02-18,10000
2026-02-19,10000
2026-02-20,10000
2026-02-21,10000
2026-02-22,10000
2026-02-23,10000
2026-02-24,10000
2026-02-25,10000
2026-02-26,10000
2026-02-27,10000
2026-02-28,10000
2026-03-01,10000
2026-03-02,10000
2026-03-03,10000
2026-03-04,10000
2026-03-05,10000
2026-03-06,10000
2026-03-07,10000
2026-03-08,10000
2026-03-09,10000
2026-03-10,9662.62
2026-03-11,9662.62
2026-03-12,9662.62
2026-03-13,9662.62
2026-03-14,9662.62
2026-03-15,9662.62
2026-03-16,9577.08
2026-03-17,9577.08
2026-03-18,9577.08
2026-03-19,9577.08
2026-03-20,9577.08
2026-03-21,9577.08
2026-03-22,9576.73
2026-03-23,9347.45
2026-03-24,9345.85
2026-03-25,9329.31
2026-03-26,9404.46
2026-03-27,9404.46
2026-03-28,9404.46
2026-03-29,9404.46
2026-03-30,9404.46
2026-03-31,9404.46
2026-04-01,9189.04
2026-04-02,9189.04
2026-04-03,9189.04
2026-04-04,9189.04
2026-04-05,9189.04
2026-04-06,9018.53
2026-04-07,9016.0
2026-04-08,8867.87
2026-04-09,8868.8
2026-04-10,8868.8
2026-04-11,8797.59
2026-04-12,8797.59
2026-04-13,8797.59
2026-04-14,8797.59
2026-04-15,8797.59
2026-04-16,8797.59
2026-04-17,8797.59
2026-04-18,8797.59
2026-04-19,8797.59
2026-04-20,8797.59
2026-04-21,8710.3
2026-04-22,8600.08
2026-04-23,8600.08
2026-04-24,8600.08
2026-04-25,8600.08
2026-04-26,8600.08
2026-04-27,8600.08
2026-04-28,8600.08
2026-04-29,8600.08
2026-04-30,8523.71
2026-05-01,8594.38
2026-05-02,8542.13
2026-05-03,8499.48
2026-05-04,8554.67
2026-05-05,8495.83
2026-05-06,8366.68
2026-05-07,8366.68
2026-05-08,8366.68
2026-05-09,8366.68
2026-05-10,8366.68
2026-05-11,8366.68
2026-05-12,8366.68
2026-05-13,8366.68
2026-05-14,7987.52
2026-05-15,7987.52
2026-05-16,7987.52
2026-05-17,7909.8
2026-05-18,7909.8
2026-05-19,7909.8
2026-05-20,7845.29
2026-05-21,7845.29
2026-05-22,7845.29
2026-05-23,7845.29
2026-05-24,7845.29
2026-05-25,7845.29
2026-05-26,7845.29
2026-05-27,7845.29
2026-05-28,7845.29
2026-05-29,7845.29
2026-05-30,7845.29
2026-05-31,7845.29
2026-06-01,7845.29
2026-06-02,7845.29
2026-06-03,7845.29
2026-06-04,7845.29
2026-06-05,7845.29
2026-06-06,7845.29
2026-06-07,7845.29
2026-06-08,7845.29
2026-06-09,7845.29
2026-06-10,7845.29
2026-06-11,7845.29
2026-06-12,7845.29
2026-06-13,7845.29
2026-06-14,7845.29
2026-06-15,7845.29
2026-06-16,7741.74
2026-06-17,7741.74
2026-06-18,7741.74
2026-06-19,7741.74
2026-06-20,7741.74
2026-06-21,7741.74
2026-06-22,7741.74
2026-06-23,7741.74
2026-06-24,7741.89
2026-06-25,7736.85
2026-06-26,7736.85
2026-06-27,7736.85
2026-06-28,7736.85
2026-06-29,7736.85
2026-06-30,7736.85
2026-07-01,7736.85
2026-07-02,7736.85
2026-07-03,7625.34
2026-07-04,7625.34
2026-07-05,7625.34
2026-07-06,7625.34
2026-07-07,7625.34
2026-07-08,7590.82
2026-07-09,7379.99
2026-07-10,7326.78
2026-07-11,7194.86
2026-07-12,7194.86
2026-07-13,7194.86
2026-07-14,7044.06
2026-07-15,7044.06
2026-07-16,7044.06
2026-07-17,7044.06
2026-07-18,7044.06
2026-07-19,7044.06
2026-07-20,7044.06
2026-07-21,7044.06
2026-07-22,7044.06
2026-07-23,7044.06
2026-07-24,7044.06
2026-07-25,6939.19
2026-07-26,6847.8
2026-07-27,7054.16
2026-07-28,7040.6
2026-07-29,7019.62
2026-07-30,6981.14
2026-07-31,7072.96
2026-08-01,7077.76
2026-08-02,6961.03
2026-08-03,7010.0
2026-08-04,7018.74
2026-08-05,7071.21
2026-08-06,7189.25
2026-08-07,7250.46
2026-08-08,7220.48
2026-08-09,7118.5
2026-08-10,7197.2
2026-08-11,7149.1
2026-08-12,7224.3
2026-08-13,7209.0
2026-08-14,7252.76
2026-08-15,7238.29
2026-08-16,7279.3
2026-08-17,7237.42
2026-08-18,7242.66
2026-08-19,6659.77
2026-08-20,6545.9
2026-08-21,6545.9
2026-08-22,6545.9
2026-08-23,6545.9
2026-08-24,6545.9
2026-08-25,6545.9
2026-08-26,6545.9
2026-08-27,6545.9
2026-08-28,6545.9
2026-08-29,6545.9
2026-08-30,6545.9
2026-08-31,6545.9
2026-09-01,6545.9
2026-09-02,6545.9
2026-09-03,6545.9
2026-09-04,6545.9
2026-09-05,6545.9
2026-09-06,6545.9
2026-09-07,6545.9
2026-09-08,6545.9
2026-09-09,6545.9
2026-09-10,6545.9
2026-09-11,6888.0
2026-09-12,6914.65
2026-09-13,7028.77
2026-09-14,6523.59
2026-09-15,6512.62
2026-09-16,6459.8
2026-09-17,6459.8
2026-09-18,6386.29
2026-09-19,6386.29
2026-09-20,6386.29
2026-09-21,6386.29
2026-09-22,6386.29
2026-09-23,6386.29
2026-09-24,6386.29
2026-09-25,6386.29
2026-09-26,6386.29
2026-09-27,6386.29
2026-09-28,6331.28
2026-09-29,6308.2
2026-09-30,6205.82
2026-10-01,6205.82
2026-10-02,6205.82
2026-10-03,6205.82
2026-10-04,6205.82
