coin,alert_id,prime,skip_flag,entry_time,entry,exit_time,exit,exit_reason,qty,notional_usd,risked_usd,adds,fee_entry,fee_exit,slippage_entry,slippage_exit,gross_pnl,fees_total,slippage_total,net_pnl,r_multiple,win
BTC,BTC-1774828800000,False,TESTED_ZONE,1775026800000,69055.1862,1775030400000,69164.8302,STOP,1.043691,72072.28,100.0,0,36.0361,36.0934,14.4145,14.4373,-114.43,72.1295,28.8518,-215.42,-2.1542,False
BTC,BTC-1777507200000,False,,1777510800000,75993.6829,1777543200000,76225.996951,STOP,0.225377,17127.2,146.77,1,8.5636,8.5898,3.4254,3.4359,-52.36,17.1534,6.8614,-76.37,-0.5204,False
BTC,BTC-1778716800000,True,,1778774400000,81247.7472,1778778000000,81566.31,STOP,0.321195,26096.38,97.08,0,13.0482,13.0993,5.2193,5.2397,-102.32,26.1475,10.459,-138.93,-1.431,False
BTC,BTC-1783987200000,False,,1784005200000,62674.823873,1784019600000,62733.997491,STOP,1.026101,64310.73,143.54,1,32.1554,32.1857,12.8621,12.8743,-60.72,64.3411,25.7364,-150.8,-1.0506,False
BTC,BTC-1784937600000,True,,1785002400000,64228.1518,1785085200000,64840.9656,STOP,0.157015,10084.75,94.18,0,5.0424,5.0905,2.017,2.0362,-96.22,10.1329,4.0531,-110.41,-1.1722,False
BTC,BTC-1788998400000,False,TESTED_ZONE,1789138800000,78758.2452,1789405200000,78773.996849,STOP,0.119525,9413.59,93.08,0,4.7068,4.7077,1.8827,1.8831,-1.88,9.4145,3.7658,-15.06,-0.1618,False
SOL,SOL-1773964800000,True,,1774267200000,88.701256,1774526400000,87.501497,STALE,18.627973,1652.32,92.93,0,0.8262,0.815,0.3305,0.326,22.35,1.6412,0.6565,20.05,0.2158,True
SOL,SOL-1776643200000,False,TESTED_ZONE,1776826800000,87.354526,1776837600000,88.137624,STOP,121.664031,10627.9,93.13,0,5.314,5.3616,2.1256,2.1446,-95.27,10.6755,4.2702,-110.22,-1.1835,False
SOL,SOL-1777507200000,False,TESTED_ZONE,1778054400000,87.660464,1778058000000,88.026602,STOP,264.043312,23146.16,92.03,0,11.5731,11.6214,4.6292,4.6486,-96.68,23.1945,9.2778,-129.15,-1.4034,False
HYPE,HYPE-1774310400000,True,TESTED_ZONE,1774368000000,39.378123,1774378800000,39.385998,STOP,206.278048,8122.84,90.74,0,4.0614,4.0622,1.6246,1.6249,-1.62,8.1237,3.2495,-13.0,-0.1432,False
HYPE,HYPE-1775088000000,False,,1775606400000,38.601278,1775628000000,39.217842,STOP,148.848018,5745.72,90.61,0,2.8729,2.9187,1.1491,1.1675,-91.77,5.7916,2.3166,-99.88,-1.1024,False
HYPE,HYPE-1780790400000,False,TESTED_ZONE,1781582400000,69.778042,1781586000000,70.5141,STOP,124.118242,8660.73,89.61,0,4.3304,4.376,1.7321,1.7504,-91.36,8.7064,3.4826,-103.55,-1.1556,False
HYPE,HYPE-1782259200000,False,,1782345600000,63.891219,1782421200000,63.903997,STOP,47.856956,3057.64,88.57,0,1.5288,1.5291,0.6115,0.6117,-0.61,3.0579,1.2232,-4.89,-0.0552,False
HYPE,HYPE-1790726400000,False,TESTED_ZONE,1790787600000,90.236949,1790791200000,91.183233,STOP,95.386793,8607.41,88.52,0,4.3037,4.3488,1.7215,1.7395,-90.26,8.6525,3.461,-102.38,-1.1565,False
DOGE,DOGE-1771977600000,True,,1773158400000,0.099071,1773162000000,0.099661,STOP,153557.824394,15213.16,87.5,0,7.6066,7.6519,3.0426,3.0607,-90.56,15.2584,6.1034,-111.92,-1.2791,False
DOGE,DOGE-1785974400000,True,TESTED_ZONE,1787155200000,0.072494,1787176800000,0.074911,STOP,35969.501775,2607.59,86.38,0,1.3038,1.3473,0.5215,0.5389,-86.92,2.6511,1.0604,-90.63,-1.0492,False
XRP,XRP-1774224000000,False,,1774267200000,1.410018,1774274400000,1.433387,STOP,3703.071232,5221.4,85.47,0,2.6107,2.654,1.0443,1.0616,-86.54,5.2647,2.1059,-93.91,-1.0986,False
XRP,XRP-1775347200000,True,,1775606400000,1.378024,1775628000000,1.3783,STOP,4865.16473,6704.32,84.54,0,3.3522,3.3528,1.3409,1.3411,-1.34,6.705,2.682,-10.73,-0.1269,False
XRP,XRP-1777507200000,False,TESTED_ZONE,1777644000000,1.39722,1777759200000,1.3975,STOP,5830.87605,8147.02,84.43,0,4.0735,4.0743,1.6294,1.6297,-1.63,8.1478,3.2591,-13.04,-0.1544,False
XRP,XRP-1782432000000,False,,1783108800000,1.131574,1783112400000,1.137427,STOP,14982.654157,16953.98,84.3,0,8.477,8.5208,3.3908,3.4083,-87.71,16.9978,6.7991,-111.5,-1.3227,False
XRP,XRP-1783555200000,True,,1783562400000,1.082683,1783648800000,1.107221,STOP,3420.825701,3703.67,83.18,0,1.8518,1.8938,0.7407,0.7575,-83.94,3.7456,1.4983,-89.18,-1.0721,False
XRP,XRP-1784937600000,False,TESTED_ZONE,1785106800000,1.112078,1787176800000,1.1123,STOP,4371.954639,4861.95,82.29,0,2.431,2.4315,0.9724,0.9726,-0.97,4.8624,1.945,-7.78,-0.0945,False
XRP,XRP-1790640000000,False,TESTED_ZONE,1790640000000,1.493742,1790665200000,1.4967,STOP,15458.736916,23091.36,123.32,1,11.5457,11.5685,4.6183,4.6274,-45.73,23.1142,9.2457,-78.09,-0.6333,False
BNB,BNB-1779235200000,True,,1779292800000,648.440286,1779300000000,648.569974,STOP,62.175569,40317.14,81.43,0,20.1586,20.1626,8.0634,8.065,-8.06,40.3212,16.1285,-64.51,-0.7922,False
BNB,BNB-1783641600000,False,,1783760400000,578.335651,1783771200000,578.859977,STOP,98.863905,57176.52,121.18,1,28.5883,28.6142,11.4353,11.4457,-51.84,57.2024,22.881,-131.92,-1.0886,False
ADA,ADA-1773014400000,True,TESTED_ZONE,1773637200000,0.283153,1773640800000,0.289218,STOP,13230.000949,3746.12,79.47,0,1.8731,1.9132,0.7492,0.7653,-80.23,3.7862,1.5145,-85.53,-1.0763,False
ADA,ADA-1774224000000,False,,1774224000000,0.25033,1774267200000,0.254821,STOP,17705.224435,4432.15,78.61,0,2.2161,2.2558,0.8864,0.9023,-79.51,4.4719,1.7888,-85.78,-1.0911,False
ADA,ADA-1774828800000,False,TESTED_ZONE,1775437200000,0.254029,1775444400000,0.256631,STOP,30482.319572,7743.4,77.75,0,3.8717,3.9114,1.5487,1.5645,-79.32,7.7831,3.1132,-90.22,-1.1603,False
ADA,ADA-1777507200000,False,TESTED_ZONE,1777759200000,0.25117,1777827600000,0.25122,STOP,27842.696324,6993.24,76.85,0,3.4966,3.4973,1.3986,1.3989,-1.4,6.9939,2.7976,-11.19,-0.1456,False
ADA,ADA-1778716800000,True,,1778778000000,0.272066,1778781600000,0.272324,STOP,375399.82483,102133.37,76.74,0,51.0667,51.1153,20.4267,20.4461,-97.18,102.182,40.8728,-240.24,-3.1305,False
ADA,ADA-1787011200000,False,,1787176800000,0.190182,1787220000000,0.19022,STOP,34130.788349,6491.06,74.34,0,3.2455,3.2462,1.2982,1.2985,-1.3,6.4917,2.5967,-10.39,-0.1397,False
AVAX,AVAX-1774828800000,False,,1775440800000,9.424815,1775444400000,9.613622,STOP,397.219454,3743.72,74.23,0,1.8719,1.9094,0.7487,0.7637,-75.0,3.7812,1.5125,-80.29,-1.0816,False
AVAX,AVAX-1786147200000,True,TESTED_ZONE,1786154400000,6.510114,1786294800000,6.5544,STOP,1708.701211,11123.84,146.86,2,5.5619,5.5998,2.2248,2.2399,-75.67,11.1617,4.4647,-91.3,-0.6216,False
AVAX,AVAX-1789084800000,False,TESTED_ZONE,1789138800000,7.716756,1789419600000,7.7183,STOP,586.512896,4525.98,72.52,0,2.263,2.2634,0.9052,0.9054,-0.91,4.5264,1.8106,-7.24,-0.0999,False
LINK,LINK-1773014400000,True,,1773162000000,9.141671,1773165600000,9.15043,STOP,10455.955535,95584.91,72.45,0,47.7925,47.8382,19.117,19.1353,-91.58,95.6307,38.2523,-225.46,-3.1121,False
LINK,LINK-1783555200000,True,TESTED_ZONE,1783555200000,7.635039,1783562400000,7.641,STOP,7916.713065,60444.41,105.29,1,30.2222,30.2458,12.0889,12.0983,-47.19,60.468,24.1872,-131.85,-1.2523,False
LINK,LINK-1784937600000,False,,1784984400000,8.366826,1785006000000,8.429686,STOP,1125.861341,9419.89,68.87,0,4.7099,4.7453,1.884,1.8981,-70.77,9.4553,3.7821,-84.01,-1.2198,False
LINK,LINK-1789084800000,False,,1789747200000,12.152569,1789765200000,12.399479,STOP,278.332215,3382.45,68.03,0,1.6912,1.7256,0.6765,0.6902,-68.72,3.4168,1.3667,-73.51,-1.0805,False
NEAR,NEAR-1774828800000,False,,1775926800000,1.385323,1775934000000,1.424285,STOP,1739.993954,2410.45,67.3,0,1.2052,1.2391,0.4821,0.4956,-67.79,2.4444,0.9777,-71.22,-1.0582,False
NEAR,NEAR-1776643200000,False,,1776769200000,1.390422,1776772800000,1.39788,STOP,9276.191187,12897.82,66.59,0,6.4489,6.4835,2.5796,2.5934,-69.18,12.9324,5.173,-87.28,-1.3109,False
NEAR,NEAR-1778976000000,True,,1778994000000,1.522595,1779004800000,1.536307,STOP,4902.276572,7464.18,65.71,0,3.7321,3.7657,1.4928,1.5063,-67.22,7.4978,2.9991,-77.72,-1.1827,False
ARB,ARB-1774828800000,True,,1775685600000,0.104291,1775750400000,0.10513,STOP,39683.780336,4138.65,97.4,1,2.0693,2.086,0.8277,0.8344,-33.3,4.1553,1.6621,-39.12,-0.4016,False
ARB,ARB-1777852800000,True,TESTED_ZONE,1777863600000,0.119036,1777975200000,0.11906,STOP,19187.93455,2284.06,64.54,0,1.142,1.1423,0.4568,0.4569,-0.46,2.2843,0.9137,-3.65,-0.0566,False
ARB,ARB-1783555200000,True,,1783576800000,0.083773,1783580400000,0.084457,STOP,96748.829952,8104.96,64.51,0,4.0525,4.0856,1.621,1.6342,-66.14,8.138,3.2552,-77.54,-1.2019,False
ARB,ARB-1786060800000,False,,1787176800000,0.089052,1787180400000,0.089298,STOP,279757.628492,24913.03,63.73,0,12.4565,12.4909,4.9826,4.9964,-68.73,24.9474,9.979,-103.65,-1.6264,False
ARB,ARB-1789171200000,False,,1789491600000,0.1492,1789560000000,0.163573,STOP,4372.16413,652.33,62.7,0,0.3262,0.3576,0.1305,0.143,-62.84,0.6837,0.2735,-63.8,-1.0175,False
