coin,alert_id,asof_ms,reason,prime,note
BTC,BTC-1760227200000,1760227200000,TESTED_ZONE,False,auto-taken in main ledger; see auditor split
BTC,BTC-1760659200000,1760659200000,TESTED_ZONE,False,auto-taken in main ledger; see auditor split
BTC,BTC-1760227200000,1760227200000,SUPERSEDED,False,
BTC,BTC-1760745600000,1760745600000,TESTED_ZONE,False,auto-taken in main ledger; see auditor split
BTC,BTC-1760659200000,1760659200000,SUPERSEDED,False,
BTC,BTC-1761782400000,1761782400000,TESTED_ZONE,False,auto-taken in main ledger; see auditor split
BTC,BTC-1760745600000,1760745600000,SUPERSEDED,False,
BTC,BTC-1761868800000,1761868800000,TESTED_ZONE,False,auto-taken in main ledger; see auditor split
BTC,BTC-1761782400000,1761782400000,SUPERSEDED,False,
BTC,BTC-1761868800000,1761868800000,SUPERSEDED,False,
BTC,BTC-1763078400000,1763078400000,SUPERSEDED,False,
BTC,BTC-1763164800000,1763164800000,SUPERSEDED,False,
BTC,BTC-1763856000000,1763856000000,SUPERSEDED,True,
BTC,BTC-1764547200000,1764547200000,SUPERSEDED,True,
BTC,BTC-1765756800000,1765756800000,TESTED_ZONE,False,auto-taken in main ledger; see auditor split
BTC,BTC-1765065600000,1765065600000,SUPERSEDED,False,
BTC,BTC-1765843200000,1765843200000,NO_FRESH_ZONE,False,
BTC,BTC-1765756800000,1765756800000,SUPERSEDED,False,
BTC,BTC-1767916800000,1767916800000,SUPERSEDED,True,
BTC,BTC-1768694400000,1768694400000,NO_FRESH_ZONE,False,
BTC,BTC-1768780800000,1768780800000,NO_FRESH_ZONE,True,
BTC,BTC-1768003200000,1768003200000,SUPERSEDED,False,
BTC,BTC-1768867200000,1768867200000,SUPERSEDED,True,
BTC,BTC-1768953600000,1768953600000,SUPERSEDED,False,
BTC,BTC-1769904000000,1769904000000,SUPERSEDED,False,
BTC,BTC-1769990400000,1769990400000,SUPERSEDED,False,
BTC,BTC-1770336000000,1770336000000,SUPERSEDED,False,
BTC,BTC-1770854400000,1770854400000,SUPERSEDED,True,
BTC,BTC-1770940800000,1770940800000,SUPERSEDED,False,
BTC,BTC-1771891200000,1771891200000,SUPERSEDED,False,
BTC,BTC-1771977600000,1771977600000,SUPERSEDED,True,
BTC,BTC-1772928000000,1772928000000,SUPERSEDED,False,
BTC,BTC-1773014400000,1773014400000,ZONE_INVALIDATED,True,
BTC,BTC-1773964800000,1773964800000,NO_FRESH_ZONE,True,
BTC,BTC-1774742400000,1774742400000,TESTED_ZONE,False,auto-taken in main ledger; see auditor split
BTC,BTC-1774828800000,1774828800000,TESTED_ZONE,False,auto-taken in main ledger; see auditor split
BTC,BTC-1774742400000,1774742400000,SUPERSEDED,False,
BTC,BTC-1779062400000,1779062400000,TESTED_ZONE,True,auto-taken in main ledger; see auditor split
BTC,BTC-1779148800000,1779148800000,TESTED_ZONE,True,auto-taken in main ledger; see auditor split
BTC,BTC-1779062400000,1779062400000,SUPERSEDED,True,
BTC,BTC-1779235200000,1779235200000,TESTED_ZONE,True,auto-taken in main ledger; see auditor split
BTC,BTC-1779148800000,1779148800000,SUPERSEDED,True,
BTC,BTC-1780012800000,1780012800000,TESTED_ZONE,True,auto-taken in main ledger; see auditor split
BTC,BTC-1779235200000,1779235200000,SUPERSEDED,True,
BTC,BTC-1780099200000,1780099200000,TESTED_ZONE,False,auto-taken in main ledger; see auditor split
BTC,BTC-1780012800000,1780012800000,SUPERSEDED,True,
BTC,BTC-1780444800000,1780444800000,TESTED_ZONE,True,auto-taken in main ledger; see auditor split
BTC,BTC-1780099200000,1780099200000,SUPERSEDED,False,
BTC,BTC-1780531200000,1780531200000,TESTED_ZONE,False,auto-taken in main ledger; see auditor split
BTC,BTC-1780444800000,1780444800000,SUPERSEDED,True,
BTC,BTC-1780617600000,1780617600000,TESTED_ZONE,False,auto-taken in main ledger; see auditor split
BTC,BTC-1780531200000,1780531200000,SUPERSEDED,False,
BTC,BTC-1780704000000,1780704000000,TESTED_ZONE,False,auto-taken in main ledger; see auditor split
BTC,BTC-1780617600000,1780617600000,SUPERSEDED,False,
BTC,BTC-1780790400000,1780790400000,TESTED_ZONE,False,auto-taken in main ledger; see auditor split
BTC,BTC-1780704000000,1780704000000,SUPERSEDED,False,
BTC,BTC-1780790400000,1780790400000,SUPERSEDED,False,
BTC,BTC-1781136000000,1781136000000,SUPERSEDED,False,
BTC,BTC-1781827200000,1781827200000,SUPERSEDED,True,
BTC,BTC-1782432000000,1782432000000,EXPIRED,False,
BTC,BTC-1786492800000,1786492800000,NO_FRESH_ZONE,False,
BTC,BTC-1786579200000,1786579200000,NO_FRESH_ZONE,False,
BTC,BTC-1788998400000,1788998400000,TESTED_ZONE,False,auto-taken in main ledger; see auditor split
ETH,ETH-1760659200000,1760659200000,TESTED_ZONE,False,auto-taken in main ledger; see auditor split
ETH,ETH-1760227200000,1760227200000,SUPERSEDED,False,
ETH,ETH-1760745600000,1760745600000,TESTED_ZONE,True,auto-taken in main ledger; see auditor split
ETH,ETH-1760659200000,1760659200000,SUPERSEDED,False,
ETH,ETH-1761782400000,1761782400000,TESTED_ZONE,False,auto-taken in main ledger; see auditor split
ETH,ETH-1760745600000,1760745600000,SUPERSEDED,True,
ETH,ETH-1761868800000,1761868800000,TESTED_ZONE,False,auto-taken in main ledger; see auditor split
ETH,ETH-1761782400000,1761782400000,SUPERSEDED,False,
ETH,ETH-1762992000000,1762992000000,TESTED_ZONE,False,auto-taken in main ledger; see auditor split
ETH,ETH-1761868800000,1761868800000,SUPERSEDED,False,
ETH,ETH-1763078400000,1763078400000,NO_FRESH_ZONE,False,
ETH,ETH-1763164800000,1763164800000,NO_FRESH_ZONE,True,
ETH,ETH-1762992000000,1762992000000,SUPERSEDED,False,
ETH,ETH-1766016000000,1766016000000,TESTED_ZONE,False,auto-taken in main ledger; see auditor split
ETH,ETH-1763769600000,1763769600000,SUPERSEDED,True,
ETH,ETH-1766707200000,1766707200000,TESTED_ZONE,False,auto-taken in main ledger; see auditor split
ETH,ETH-1766016000000,1766016000000,SUPERSEDED,False,
ETH,ETH-1766707200000,1766707200000,SUPERSEDED,False,
ETH,ETH-1768089600000,1768089600000,NO_FRESH_ZONE,False,
ETH,ETH-1768953600000,1768953600000,TESTED_ZONE,False,auto-taken in main ledger; see auditor split
ETH,ETH-1768003200000,1768003200000,SUPERSEDED,False,
ETH,ETH-1769817600000,1769817600000,TESTED_ZONE,True,auto-taken in main ledger; see auditor split
ETH,ETH-1768953600000,1768953600000,SUPERSEDED,False,
ETH,ETH-1769904000000,1769904000000,TESTED_ZONE,False,auto-taken in main ledger; see auditor split
ETH,ETH-1769817600000,1769817600000,SUPERSEDED,True,
ETH,ETH-1769990400000,1769990400000,TESTED_ZONE,True,auto-taken in main ledger; see auditor split
ETH,ETH-1769904000000,1769904000000,SUPERSEDED,False,
ETH,ETH-1770336000000,1770336000000,TESTED_ZONE,False,auto-taken in main ledger; see auditor split
ETH,ETH-1769990400000,1769990400000,SUPERSEDED,True,
ETH,ETH-1770336000000,1770336000000,SUPERSEDED,False,
ETH,ETH-1772928000000,1772928000000,TESTED_ZONE,False,auto-taken in main ledger; see auditor split
ETH,ETH-1771977600000,1771977600000,SUPERSEDED,True,
ETH,ETH-1773014400000,1773014400000,TESTED_ZONE,True,auto-taken in main ledger; see auditor split
ETH,ETH-1772928000000,1772928000000,SUPERSEDED,False,
ETH,ETH-1773014400000,1773014400000,ZONE_INVALIDATED,True,
ETH,ETH-1773964800000,1773964800000,EXPIRED,True,
ETH,ETH-1777507200000,1777507200000,NO_FRESH_ZONE,False,
ETH,ETH-1778716800000,1778716800000,NO_FRESH_ZONE,True,
ETH,ETH-1779148800000,1779148800000,TESTED_ZONE,True,auto-taken in main ledger; see auditor split
ETH,ETH-1779062400000,1779062400000,SUPERSEDED,True,
ETH,ETH-1779235200000,1779235200000,TESTED_ZONE,True,auto-taken in main ledger; see auditor split
ETH,ETH-1779148800000,1779148800000,SUPERSEDED,True,
ETH,ETH-1780012800000,1780012800000,TESTED_ZONE,True,auto-taken in main ledger; see auditor split
ETH,ETH-1779235200000,1779235200000,SUPERSEDED,True,
ETH,ETH-1780617600000,1780617600000,TESTED_ZONE,False,auto-taken in main ledger; see auditor split
ETH,ETH-1780012800000,1780012800000,SUPERSEDED,True,
ETH,ETH-1780704000000,1780704000000,TESTED_ZONE,False,auto-taken in main ledger; see auditor split
ETH,ETH-1780617600000,1780617600000,SUPERSEDED,False,
ETH,ETH-1780790400000,1780790400000,TESTED_ZONE,False,auto-taken in main ledger; see auditor split
ETH,ETH-1780704000000,1780704000000,SUPERSEDED,False,
ETH,ETH-1780790400000,1780790400000,SUPERSEDED,False,
ETH,ETH-1781827200000,1781827200000,TESTED_ZONE,True,auto-taken in main ledger; see auditor split
ETH,ETH-1781136000000,1781136000000,SUPERSEDED,False,
ETH,ETH-1782432000000,1782432000000,TESTED_ZONE,False,auto-taken in main ledger; see auditor split
ETH,ETH-1781827200000,1781827200000,SUPERSEDED,True,
ETH,ETH-1782432000000,1782432000000,EXPIRED,False,
ETH,ETH-1788998400000,1788998400000,NO_FRESH_ZONE,False,
SOL,SOL-1760227200000,1760227200000,SUPERSEDED,False,
SOL,SOL-1760659200000,1760659200000,SUPERSEDED,False,
SOL,SOL-1760745600000,1760745600000,SUPERSEDED,False,
SOL,SOL-1761782400000,1761782400000,SUPERSEDED,False,
SOL,SOL-1763078400000,1763078400000,TESTED_ZONE,False,auto-taken in main ledger; see auditor split
SOL,SOL-1761868800000,1761868800000,SUPERSEDED,False,
SOL,SOL-1763164800000,1763164800000,TESTED_ZONE,True,auto-taken in main ledger; see auditor split
SOL,SOL-1763078400000,1763078400000,SUPERSEDED,False,
SOL,SOL-1763856000000,1763856000000,TESTED_ZONE,True,auto-taken in main ledger; see auditor split
SOL,SOL-1763164800000,1763164800000,SUPERSEDED,True,
SOL,SOL-1763856000000,1763856000000,SUPERSEDED,True,
SOL,SOL-1764460800000,1764460800000,SUPERSEDED,False,
SOL,SOL-1764547200000,1764547200000,SUPERSEDED,False,
SOL,SOL-1766620800000,1766620800000,NO_FRESH_ZONE,True,
SOL,SOL-1766707200000,1766707200000,NO_FRESH_ZONE,False,
SOL,SOL-1768867200000,1768867200000,TESTED_ZONE,True,auto-taken in main ledger; see auditor split
SOL,SOL-1765065600000,1765065600000,SUPERSEDED,False,
SOL,SOL-1768953600000,1768953600000,TESTED_ZONE,False,auto-taken in main ledger; see auditor split
SOL,SOL-1768867200000,1768867200000,SUPERSEDED,True,
SOL,SOL-1769299200000,1769299200000,TESTED_ZONE,True,auto-taken in main ledger; see auditor split
SOL,SOL-1768953600000,1768953600000,SUPERSEDED,False,
SOL,SOL-1769385600000,1769385600000,TESTED_ZONE,False,auto-taken in main ledger; see auditor split
SOL,SOL-1769299200000,1769299200000,SUPERSEDED,True,
SOL,SOL-1769817600000,1769817600000,TESTED_ZONE,True,auto-taken in main ledger; see auditor split
SOL,SOL-1769385600000,1769385600000,SUPERSEDED,False,
SOL,SOL-1769904000000,1769904000000,TESTED_ZONE,False,auto-taken in main ledger; see auditor split
SOL,SOL-1769817600000,1769817600000,SUPERSEDED,True,
SOL,SOL-1769990400000,1769990400000,TESTED_ZONE,True,auto-taken in main ledger; see auditor split
SOL,SOL-1769904000000,1769904000000,SUPERSEDED,False,
SOL,SOL-1770336000000,1770336000000,TESTED_ZONE,False,auto-taken in main ledger; see auditor split
SOL,SOL-1769990400000,1769990400000,SUPERSEDED,True,
SOL,SOL-1770768000000,1770768000000,TESTED_ZONE,False,auto-taken in main ledger; see auditor split
SOL,SOL-1770336000000,1770336000000,SUPERSEDED,False,
SOL,SOL-1770854400000,1770854400000,TESTED_ZONE,True,auto-taken in main ledger; see auditor split
SOL,SOL-1770768000000,1770768000000,SUPERSEDED,False,
SOL,SOL-1770940800000,1770940800000,TESTED_ZONE,False,auto-taken in main ledger; see auditor split
SOL,SOL-1770854400000,1770854400000,SUPERSEDED,True,
SOL,SOL-1770940800000,1770940800000,SUPERSEDED,False,
SOL,SOL-1772928000000,1772928000000,SUPERSEDED,False,
SOL,SOL-1773014400000,1773014400000,ZONE_INVALIDATED,True,
SOL,SOL-1774742400000,1774742400000,TESTED_ZONE,False,auto-taken in main ledger; see auditor split
SOL,SOL-1774828800000,1774828800000,TESTED_ZONE,False,auto-taken in main ledger; see auditor split
SOL,SOL-1774742400000,1774742400000,SUPERSEDED,False,
SOL,SOL-1774828800000,1774828800000,EXPIRED,False,
SOL,SOL-1776643200000,1776643200000,TESTED_ZONE,False,auto-taken in main ledger; see auditor split
SOL,SOL-1777507200000,1777507200000,TESTED_ZONE,False,auto-taken in main ledger; see auditor split
SOL,SOL-1779062400000,1779062400000,SUPERSEDED,True,
SOL,SOL-1779840000000,1779840000000,SUPERSEDED,False,
SOL,SOL-1779926400000,1779926400000,SUPERSEDED,False,
SOL,SOL-1780012800000,1780012800000,SUPERSEDED,True,
SOL,SOL-1780099200000,1780099200000,SUPERSEDED,False,
SOL,SOL-1780444800000,1780444800000,SUPERSEDED,False,
SOL,SOL-1780531200000,1780531200000,SUPERSEDED,False,
SOL,SOL-1780617600000,1780617600000,SUPERSEDED,False,
SOL,SOL-1780704000000,1780704000000,SUPERSEDED,False,
SOL,SOL-1781827200000,1781827200000,TESTED_ZONE,True,auto-taken in main ledger; see auditor split
SOL,SOL-1780790400000,1780790400000,SUPERSEDED,False,
SOL,SOL-1782345600000,1782345600000,TESTED_ZONE,False,auto-taken in main ledger; see auditor split
SOL,SOL-1781827200000,1781827200000,SUPERSEDED,True,
SOL,SOL-1782432000000,1782432000000,TESTED_ZONE,False,auto-taken in main ledger; see auditor split
SOL,SOL-1782345600000,1782345600000,SUPERSEDED,False,
SOL,SOL-1782432000000,1782432000000,ZONE_INVALIDATED,False,
SOL,SOL-1784332800000,1784332800000,SUPERSEDED,True,
SOL,SOL-1784937600000,1784937600000,SUPERSEDED,False,
SOL,SOL-1785369600000,1785369600000,EXPIRED,False,
SOL,SOL-1786924800000,1786924800000,NO_FRESH_ZONE,False,
SOL,SOL-1788998400000,1788998400000,NO_FRESH_ZONE,False,
HYPE,HYPE-1759881600000,1759881600000,NO_FRESH_ZONE,False,
HYPE,HYPE-1760227200000,1760227200000,TESTED_ZONE,False,auto-taken in main ledger; see auditor split
HYPE,HYPE-1760659200000,1760659200000,TESTED_ZONE,True,auto-taken in main ledger; see auditor split
HYPE,HYPE-1760227200000,1760227200000,SUPERSEDED,False,
HYPE,HYPE-1760745600000,1760745600000,TESTED_ZONE,False,auto-taken in main ledger; see auditor split
HYPE,HYPE-1760659200000,1760659200000,SUPERSEDED,True,
HYPE,HYPE-1762041600000,1762041600000,TESTED_ZONE,True,auto-taken in main ledger; see auditor split
HYPE,HYPE-1760745600000,1760745600000,SUPERSEDED,False,
HYPE,HYPE-1762128000000,1762128000000,TESTED_ZONE,True,auto-taken in main ledger; see auditor split
HYPE,HYPE-1762041600000,1762041600000,SUPERSEDED,True,
HYPE,HYPE-1762214400000,1762214400000,TESTED_ZONE,True,auto-taken in main ledger; see auditor split
HYPE,HYPE-1762128000000,1762128000000,SUPERSEDED,True,
HYPE,HYPE-1762300800000,1762300800000,TESTED_ZONE,False,auto-taken in main ledger; see auditor split
HYPE,HYPE-1762214400000,1762214400000,SUPERSEDED,True,
HYPE,HYPE-1762992000000,1762992000000,TESTED_ZONE,False,auto-taken in main ledger; see auditor split
HYPE,HYPE-1762300800000,1762300800000,SUPERSEDED,False,
HYPE,HYPE-1763856000000,1763856000000,TESTED_ZONE,False,auto-taken in main ledger; see auditor split
HYPE,HYPE-1762992000000,1762992000000,SUPERSEDED,False,
HYPE,HYPE-1764633600000,1764633600000,TESTED_ZONE,False,auto-taken in main ledger; see auditor split
HYPE,HYPE-1763856000000,1763856000000,SUPERSEDED,False,
HYPE,HYPE-1765065600000,1765065600000,TESTED_ZONE,True,auto-taken in main ledger; see auditor split
HYPE,HYPE-1764633600000,1764633600000,SUPERSEDED,False,
HYPE,HYPE-1765152000000,1765152000000,TESTED_ZONE,True,auto-taken in main ledger; see auditor split
HYPE,HYPE-1765065600000,1765065600000,SUPERSEDED,True,
HYPE,HYPE-1765238400000,1765238400000,TESTED_ZONE,False,auto-taken in main ledger; see auditor split
HYPE,HYPE-1765152000000,1765152000000,SUPERSEDED,True,
HYPE,HYPE-1765324800000,1765324800000,TESTED_ZONE,True,auto-taken in main ledger; see auditor split
HYPE,HYPE-1765238400000,1765238400000,SUPERSEDED,False,
HYPE,HYPE-1765324800000,1765324800000,SUPERSEDED,True,
HYPE,HYPE-1765929600000,1765929600000,SUPERSEDED,False,
HYPE,HYPE-1768003200000,1768003200000,TESTED_ZONE,False,auto-taken in main ledger; see auditor split
HYPE,HYPE-1766016000000,1766016000000,SUPERSEDED,False,
HYPE,HYPE-1768089600000,1768089600000,TESTED_ZONE,False,auto-taken in main ledger; see auditor split
HYPE,HYPE-1768003200000,1768003200000,SUPERSEDED,False,
HYPE,HYPE-1768089600000,1768089600000,SUPERSEDED,False,
HYPE,HYPE-1771891200000,1771891200000,TESTED_ZONE,False,auto-taken in main ledger; see auditor split
HYPE,HYPE-1768953600000,1768953600000,SUPERSEDED,False,
HYPE,HYPE-1771891200000,1771891200000,ZONE_INVALIDATED,False,
HYPE,HYPE-1774310400000,1774310400000,TESTED_ZONE,True,auto-taken in main ledger; see auditor split
HYPE,HYPE-1775001600000,1775001600000,SUPERSEDED,True,
HYPE,HYPE-1777507200000,1777507200000,TESTED_ZONE,True,auto-taken in main ledger; see auditor split
HYPE,HYPE-1777593600000,1777593600000,TESTED_ZONE,True,auto-taken in main ledger; see auditor split
HYPE,HYPE-1777507200000,1777507200000,SUPERSEDED,True,
HYPE,HYPE-1777593600000,1777593600000,ZONE_INVALIDATED,True,
HYPE,HYPE-1778716800000,1778716800000,NO_FRESH_ZONE,True,
HYPE,HYPE-1780790400000,1780790400000,TESTED_ZONE,False,auto-taken in main ledger; see auditor split
HYPE,HYPE-1783641600000,1783641600000,NO_FRESH_ZONE,False,
HYPE,HYPE-1784851200000,1784851200000,SUPERSEDED,False,
HYPE,HYPE-1784937600000,1784937600000,SUPERSEDED,False,
HYPE,HYPE-1785369600000,1785369600000,EXPIRED,False,
HYPE,HYPE-1788998400000,1788998400000,NO_FRESH_ZONE,False,
HYPE,HYPE-1790726400000,1790726400000,TESTED_ZONE,False,auto-taken in main ledger; see auditor split
DOGE,DOGE-1760227200000,1760227200000,TESTED_ZONE,False,auto-taken in main ledger; see auditor split
DOGE,DOGE-1760659200000,1760659200000,TESTED_ZONE,False,auto-taken in main ledger; see auditor split
DOGE,DOGE-1760227200000,1760227200000,SUPERSEDED,False,
DOGE,DOGE-1760745600000,1760745600000,TESTED_ZONE,False,auto-taken in main ledger; see auditor split
DOGE,DOGE-1760659200000,1760659200000,SUPERSEDED,False,
DOGE,DOGE-1761782400000,1761782400000,TESTED_ZONE,True,auto-taken in main ledger; see auditor split
DOGE,DOGE-1760745600000,1760745600000,SUPERSEDED,False,
DOGE,DOGE-1761868800000,1761868800000,TESTED_ZONE,False,auto-taken in main ledger; see auditor split
DOGE,DOGE-1761782400000,1761782400000,SUPERSEDED,True,
DOGE,DOGE-1762300800000,1762300800000,TESTED_ZONE,False,auto-taken in main ledger; see auditor split
DOGE,DOGE-1761868800000,1761868800000,SUPERSEDED,False,
DOGE,DOGE-1762300800000,1762300800000,SUPERSEDED,False,
DOGE,DOGE-1763164800000,1763164800000,TESTED_ZONE,True,auto-taken in main ledger; see auditor split
DOGE,DOGE-1763078400000,1763078400000,SUPERSEDED,False,
DOGE,DOGE-1763769600000,1763769600000,TESTED_ZONE,True,auto-taken in main ledger; see auditor split
DOGE,DOGE-1763164800000,1763164800000,SUPERSEDED,True,
DOGE,DOGE-1764460800000,1764460800000,TESTED_ZONE,False,auto-taken in main ledger; see auditor split
DOGE,DOGE-1763769600000,1763769600000,SUPERSEDED,True,
DOGE,DOGE-1764547200000,1764547200000,TESTED_ZONE,True,auto-taken in main ledger; see auditor split
DOGE,DOGE-1764460800000,1764460800000,SUPERSEDED,False,
DOGE,DOGE-1764633600000,1764633600000,TESTED_ZONE,False,auto-taken in main ledger; see auditor split
DOGE,DOGE-1764547200000,1764547200000,SUPERSEDED,True,
DOGE,DOGE-1765584000000,1765584000000,TESTED_ZONE,True,auto-taken in main ledger; see auditor split
DOGE,DOGE-1764633600000,1764633600000,SUPERSEDED,False,
DOGE,DOGE-1766707200000,1766707200000,NO_FRESH_ZONE,False,
DOGE,DOGE-1766793600000,1766793600000,NO_FRESH_ZONE,False,
DOGE,DOGE-1767916800000,1767916800000,NO_FRESH_ZONE,True,
DOGE,DOGE-1768003200000,1768003200000,NO_FRESH_ZONE,False,
DOGE,DOGE-1768089600000,1768089600000,NO_FRESH_ZONE,True,
DOGE,DOGE-1768176000000,1768176000000,NO_FRESH_ZONE,False,
DOGE,DOGE-1768608000000,1768608000000,TESTED_ZONE,True,auto-taken in main ledger; see auditor split
DOGE,DOGE-1765584000000,1765584000000,SUPERSEDED,True,
DOGE,DOGE-1768694400000,1768694400000,TESTED_ZONE,False,auto-taken in main ledger; see auditor split
DOGE,DOGE-1768608000000,1768608000000,SUPERSEDED,True,
DOGE,DOGE-1768780800000,1768780800000,TESTED_ZONE,True,auto-taken in main ledger; see auditor split
DOGE,DOGE-1768694400000,1768694400000,SUPERSEDED,False,
DOGE,DOGE-1768867200000,1768867200000,TESTED_ZONE,True,auto-taken in main ledger; see auditor split
DOGE,DOGE-1768780800000,1768780800000,SUPERSEDED,True,
DOGE,DOGE-1768953600000,1768953600000,TESTED_ZONE,False,auto-taken in main ledger; see auditor split
DOGE,DOGE-1768867200000,1768867200000,SUPERSEDED,True,
DOGE,DOGE-1769817600000,1769817600000,TESTED_ZONE,True,auto-taken in main ledger; see auditor split
DOGE,DOGE-1768953600000,1768953600000,SUPERSEDED,False,
DOGE,DOGE-1769904000000,1769904000000,TESTED_ZONE,False,auto-taken in main ledger; see auditor split
DOGE,DOGE-1769817600000,1769817600000,SUPERSEDED,True,
DOGE,DOGE-1769990400000,1769990400000,TESTED_ZONE,True,auto-taken in main ledger; see auditor split
DOGE,DOGE-1769904000000,1769904000000,SUPERSEDED,False,
DOGE,DOGE-1770336000000,1770336000000,TESTED_ZONE,False,auto-taken in main ledger; see auditor split
DOGE,DOGE-1769990400000,1769990400000,SUPERSEDED,True,
DOGE,DOGE-1770336000000,1770336000000,SUPERSEDED,False,
DOGE,DOGE-1770681600000,1770681600000,SUPERSEDED,True,
DOGE,DOGE-1770768000000,1770768000000,SUPERSEDED,True,
DOGE,DOGE-1771372800000,1771372800000,NO_FRESH_ZONE,True,
DOGE,DOGE-1771545600000,1771545600000,TESTED_ZONE,True,auto-taken in main ledger; see auditor split
DOGE,DOGE-1770854400000,1770854400000,SUPERSEDED,True,
DOGE,DOGE-1771545600000,1771545600000,SUPERSEDED,True,
DOGE,DOGE-1771891200000,1771891200000,SUPERSEDED,False,
DOGE,DOGE-1772928000000,1772928000000,NO_FRESH_ZONE,False,
DOGE,DOGE-1773014400000,1773014400000,NO_FRESH_ZONE,True,
DOGE,DOGE-1773964800000,1773964800000,NO_FRESH_ZONE,True,
DOGE,DOGE-1779062400000,1779062400000,NO_FRESH_ZONE,True,
DOGE,DOGE-1779148800000,1779148800000,SUPERSEDED,True,
DOGE,DOGE-1779235200000,1779235200000,SUPERSEDED,False,
DOGE,DOGE-1779840000000,1779840000000,SUPERSEDED,False,
DOGE,DOGE-1780012800000,1780012800000,SUPERSEDED,True,
DOGE,DOGE-1780617600000,1780617600000,SUPERSEDED,False,
DOGE,DOGE-1780704000000,1780704000000,SUPERSEDED,False,
DOGE,DOGE-1781740800000,1781740800000,SUPERSEDED,False,
DOGE,DOGE-1781827200000,1781827200000,SUPERSEDED,True,
DOGE,DOGE-1783555200000,1783555200000,TESTED_ZONE,True,auto-taken in main ledger; see auditor split
DOGE,DOGE-1782432000000,1782432000000,SUPERSEDED,False,
DOGE,DOGE-1783987200000,1783987200000,TESTED_ZONE,False,auto-taken in main ledger; see auditor split
DOGE,DOGE-1783555200000,1783555200000,SUPERSEDED,True,
DOGE,DOGE-1783987200000,1783987200000,EXPIRED,False,
DOGE,DOGE-1785974400000,1785974400000,TESTED_ZONE,True,auto-taken in main ledger; see auditor split
DOGE,DOGE-1786060800000,1786060800000,NO_FRESH_ZONE,False,
DOGE,DOGE-1788998400000,1788998400000,NO_FRESH_ZONE,False,
DOGE,DOGE-1789084800000,1789084800000,NO_FRESH_ZONE,True,
XRP,XRP-1760659200000,1760659200000,TESTED_ZONE,False,auto-taken in main ledger; see auditor split
XRP,XRP-1760745600000,1760745600000,TESTED_ZONE,False,auto-taken in main ledger; see auditor split
XRP,XRP-1760659200000,1760659200000,SUPERSEDED,False,
XRP,XRP-1761782400000,1761782400000,TESTED_ZONE,False,auto-taken in main ledger; see auditor split
XRP,XRP-1760745600000,1760745600000,SUPERSEDED,False,
XRP,XRP-1761868800000,1761868800000,TESTED_ZONE,False,auto-taken in main ledger; see auditor split
XRP,XRP-1761782400000,1761782400000,SUPERSEDED,False,
XRP,XRP-1761868800000,1761868800000,SUPERSEDED,False,
XRP,XRP-1763251200000,1763251200000,TESTED_ZONE,True,auto-taken in main ledger; see auditor split
XRP,XRP-1763078400000,1763078400000,SUPERSEDED,False,
XRP,XRP-1763337600000,1763337600000,TESTED_ZONE,True,auto-taken in main ledger; see auditor split
XRP,XRP-1763251200000,1763251200000,SUPERSEDED,True,
XRP,XRP-1763769600000,1763769600000,TESTED_ZONE,True,auto-taken in main ledger; see auditor split
XRP,XRP-1763337600000,1763337600000,SUPERSEDED,True,
XRP,XRP-1763856000000,1763856000000,TESTED_ZONE,False,auto-taken in main ledger; see auditor split
XRP,XRP-1763769600000,1763769600000,SUPERSEDED,True,
XRP,XRP-1763856000000,1763856000000,SUPERSEDED,False,
XRP,XRP-1765584000000,1765584000000,TESTED_ZONE,True,auto-taken in main ledger; see auditor split
XRP,XRP-1765065600000,1765065600000,SUPERSEDED,False,
XRP,XRP-1766534400000,1766534400000,TESTED_ZONE,True,auto-taken in main ledger; see auditor split
XRP,XRP-1765584000000,1765584000000,SUPERSEDED,True,
XRP,XRP-1766620800000,1766620800000,TESTED_ZONE,False,auto-taken in main ledger; see auditor split
XRP,XRP-1766534400000,1766534400000,SUPERSEDED,True,
XRP,XRP-1766707200000,1766707200000,TESTED_ZONE,False,auto-taken in main ledger; see auditor split
XRP,XRP-1766620800000,1766620800000,SUPERSEDED,False,
XRP,XRP-1767916800000,1767916800000,NO_FRESH_ZONE,True,
XRP,XRP-1768003200000,1768003200000,NO_FRESH_ZONE,False,
XRP,XRP-1768089600000,1768089600000,NO_FRESH_ZONE,True,
XRP,XRP-1768176000000,1768176000000,NO_FRESH_ZONE,False,
XRP,XRP-1768262400000,1768262400000,NO_FRESH_ZONE,False,
XRP,XRP-1768608000000,1768608000000,TESTED_ZONE,True,auto-taken in main ledger; see auditor split
XRP,XRP-1766707200000,1766707200000,SUPERSEDED,False,
XRP,XRP-1768694400000,1768694400000,TESTED_ZONE,False,auto-taken in main ledger; see auditor split
XRP,XRP-1768608000000,1768608000000,SUPERSEDED,True,
XRP,XRP-1768780800000,1768780800000,TESTED_ZONE,True,auto-taken in main ledger; see auditor split
XRP,XRP-1768694400000,1768694400000,SUPERSEDED,False,
XRP,XRP-1768867200000,1768867200000,TESTED_ZONE,True,auto-taken in main ledger; see auditor split
XRP,XRP-1768780800000,1768780800000,SUPERSEDED,True,
XRP,XRP-1768953600000,1768953600000,TESTED_ZONE,False,auto-taken in main ledger; see auditor split
XRP,XRP-1768867200000,1768867200000,SUPERSEDED,True,
XRP,XRP-1769299200000,1769299200000,TESTED_ZONE,True,auto-taken in main ledger; see auditor split
XRP,XRP-1768953600000,1768953600000,SUPERSEDED,False,
XRP,XRP-1769385600000,1769385600000,TESTED_ZONE,False,auto-taken in main ledger; see auditor split
XRP,XRP-1769299200000,1769299200000,SUPERSEDED,True,
XRP,XRP-1769817600000,1769817600000,TESTED_ZONE,True,auto-taken in main ledger; see auditor split
XRP,XRP-1769385600000,1769385600000,SUPERSEDED,False,
XRP,XRP-1769904000000,1769904000000,TESTED_ZONE,False,auto-taken in main ledger; see auditor split
XRP,XRP-1769817600000,1769817600000,SUPERSEDED,True,
XRP,XRP-1769990400000,1769990400000,TESTED_ZONE,True,auto-taken in main ledger; see auditor split
XRP,XRP-1769904000000,1769904000000,SUPERSEDED,False,
XRP,XRP-1770336000000,1770336000000,TESTED_ZONE,False,auto-taken in main ledger; see auditor split
XRP,XRP-1769990400000,1769990400000,SUPERSEDED,True,
XRP,XRP-1770336000000,1770336000000,SUPERSEDED,False,
XRP,XRP-1771545600000,1771545600000,TESTED_ZONE,True,auto-taken in main ledger; see auditor split
XRP,XRP-1770940800000,1770940800000,SUPERSEDED,False,
XRP,XRP-1771977600000,1771977600000,TESTED_ZONE,True,auto-taken in main ledger; see auditor split
XRP,XRP-1771545600000,1771545600000,SUPERSEDED,True,
XRP,XRP-1772928000000,1772928000000,NO_FRESH_ZONE,False,
XRP,XRP-1773014400000,1773014400000,NO_FRESH_ZONE,True,
XRP,XRP-1771977600000,1771977600000,EXPIRED,True,
XRP,XRP-1773964800000,1773964800000,NO_FRESH_ZONE,True,
XRP,XRP-1774051200000,1774051200000,NO_FRESH_ZONE,False,
XRP,XRP-1774137600000,1774137600000,NO_FRESH_ZONE,False,
XRP,XRP-1774656000000,1774656000000,SUPERSEDED,False,
XRP,XRP-1777507200000,1777507200000,TESTED_ZONE,False,auto-taken in main ledger; see auditor split
XRP,XRP-1779062400000,1779062400000,NO_FRESH_ZONE,True,
XRP,XRP-1779148800000,1779148800000,SUPERSEDED,True,
XRP,XRP-1779235200000,1779235200000,SUPERSEDED,False,
XRP,XRP-1779840000000,1779840000000,SUPERSEDED,False,
XRP,XRP-1779926400000,1779926400000,SUPERSEDED,False,
XRP,XRP-1780444800000,1780444800000,SUPERSEDED,False,
XRP,XRP-1780531200000,1780531200000,SUPERSEDED,False,
XRP,XRP-1780617600000,1780617600000,SUPERSEDED,True,
XRP,XRP-1780704000000,1780704000000,SUPERSEDED,False,
XRP,XRP-1781827200000,1781827200000,TESTED_ZONE,True,auto-taken in main ledger; see auditor split
XRP,XRP-1780790400000,1780790400000,SUPERSEDED,False,
XRP,XRP-1781913600000,1781913600000,TESTED_ZONE,False,auto-taken in main ledger; see auditor split
XRP,XRP-1781827200000,1781827200000,SUPERSEDED,True,
XRP,XRP-1781913600000,1781913600000,SUPERSEDED,False,
XRP,XRP-1783468800000,1783468800000,NO_FRESH_ZONE,False,
XRP,XRP-1783987200000,1783987200000,NO_FRESH_ZONE,False,
XRP,XRP-1784937600000,1784937600000,TESTED_ZONE,False,auto-taken in main ledger; see auditor split
XRP,XRP-1785974400000,1785974400000,TESTED_ZONE,True,auto-taken in main ledger; see auditor split
XRP,XRP-1785974400000,1785974400000,POSITION_ALREADY_OPEN,True,
XRP,XRP-1786060800000,1786060800000,TESTED_ZONE,False,auto-taken in main ledger; see auditor split
XRP,XRP-1786060800000,1786060800000,POSITION_ALREADY_OPEN,False,
XRP,XRP-1786147200000,1786147200000,TESTED_ZONE,False,auto-taken in main ledger; see auditor split
XRP,XRP-1786147200000,1786147200000,POSITION_ALREADY_OPEN,False,
XRP,XRP-1790640000000,1790640000000,TESTED_ZONE,False,auto-taken in main ledger; see auditor split
BNB,BNB-1760572800000,1760572800000,NO_FRESH_ZONE,False,
BNB,BNB-1760659200000,1760659200000,TESTED_ZONE,True,auto-taken in main ledger; see auditor split
BNB,BNB-1760745600000,1760745600000,TESTED_ZONE,False,auto-taken in main ledger; see auditor split
BNB,BNB-1760659200000,1760659200000,SUPERSEDED,True,
BNB,BNB-1760745600000,1760745600000,SUPERSEDED,False,
BNB,BNB-1762300800000,1762300800000,SUPERSEDED,False,
BNB,BNB-1762992000000,1762992000000,SUPERSEDED,False,
BNB,BNB-1763078400000,1763078400000,SUPERSEDED,False,
BNB,BNB-1763769600000,1763769600000,TESTED_ZONE,True,auto-taken in main ledger; see auditor split
BNB,BNB-1763164800000,1763164800000,SUPERSEDED,True,
BNB,BNB-1765584000000,1765584000000,NO_FRESH_ZONE,True,
BNB,BNB-1763769600000,1763769600000,SUPERSEDED,True,
BNB,BNB-1768953600000,1768953600000,SUPERSEDED,False,
BNB,BNB-1769904000000,1769904000000,SUPERSEDED,False,
BNB,BNB-1769990400000,1769990400000,SUPERSEDED,True,
BNB,BNB-1770336000000,1770336000000,SUPERSEDED,False,
BNB,BNB-1770681600000,1770681600000,SUPERSEDED,True,
BNB,BNB-1770768000000,1770768000000,SUPERSEDED,False,
BNB,BNB-1770854400000,1770854400000,SUPERSEDED,True,
BNB,BNB-1771891200000,1771891200000,SUPERSEDED,False,
BNB,BNB-1771977600000,1771977600000,SUPERSEDED,True,
BNB,BNB-1772928000000,1772928000000,SUPERSEDED,False,
BNB,BNB-1773014400000,1773014400000,ZONE_INVALIDATED,True,
BNB,BNB-1773964800000,1773964800000,SUPERSEDED,True,
BNB,BNB-1774742400000,1774742400000,SUPERSEDED,False,
BNB,BNB-1774828800000,1774828800000,EXPIRED,False,
BNB,BNB-1777507200000,1777507200000,NO_FRESH_ZONE,False,
BNB,BNB-1779062400000,1779062400000,NO_FRESH_ZONE,True,
BNB,BNB-1779148800000,1779148800000,SUPERSEDED,True,
BNB,BNB-1780012800000,1780012800000,NO_FRESH_ZONE,True,
BNB,BNB-1780444800000,1780444800000,SUPERSEDED,False,
BNB,BNB-1780531200000,1780531200000,SUPERSEDED,False,
BNB,BNB-1780617600000,1780617600000,SUPERSEDED,True,
BNB,BNB-1780704000000,1780704000000,SUPERSEDED,False,
BNB,BNB-1781136000000,1781136000000,SUPERSEDED,False,
BNB,BNB-1781827200000,1781827200000,SUPERSEDED,True,
BNB,BNB-1782432000000,1782432000000,SUPERSEDED,True,
BNB,BNB-1783555200000,1783555200000,SUPERSEDED,True,
BNB,BNB-1784937600000,1784937600000,NO_FRESH_ZONE,True,
BNB,BNB-1786838400000,1786838400000,NO_FRESH_ZONE,False,
ADA,ADA-1760227200000,1760227200000,TESTED_ZONE,False,auto-taken in main ledger; see auditor split
ADA,ADA-1760659200000,1760659200000,TESTED_ZONE,False,auto-taken in main ledger; see auditor split
ADA,ADA-1760227200000,1760227200000,SUPERSEDED,False,
ADA,ADA-1760745600000,1760745600000,TESTED_ZONE,False,auto-taken in main ledger; see auditor split
ADA,ADA-1760659200000,1760659200000,SUPERSEDED,False,
ADA,ADA-1761782400000,1761782400000,TESTED_ZONE,True,auto-taken in main ledger; see auditor split
ADA,ADA-1760745600000,1760745600000,SUPERSEDED,False,
ADA,ADA-1761868800000,1761868800000,TESTED_ZONE,False,auto-taken in main ledger; see auditor split
ADA,ADA-1761782400000,1761782400000,SUPERSEDED,True,
ADA,ADA-1761868800000,1761868800000,SUPERSEDED,False,
ADA,ADA-1763078400000,1763078400000,TESTED_ZONE,False,auto-taken in main ledger; see auditor split
ADA,ADA-1762300800000,1762300800000,SUPERSEDED,False,
ADA,ADA-1763164800000,1763164800000,TESTED_ZONE,True,auto-taken in main ledger; see auditor split
ADA,ADA-1763078400000,1763078400000,SUPERSEDED,False,
ADA,ADA-1763769600000,1763769600000,TESTED_ZONE,True,auto-taken in main ledger; see auditor split
ADA,ADA-1763164800000,1763164800000,SUPERSEDED,True,
ADA,ADA-1763856000000,1763856000000,TESTED_ZONE,True,auto-taken in main ledger; see auditor split
ADA,ADA-1763769600000,1763769600000,SUPERSEDED,True,
ADA,ADA-1763856000000,1763856000000,SUPERSEDED,True,
ADA,ADA-1764547200000,1764547200000,TESTED_ZONE,True,auto-taken in main ledger; see auditor split
ADA,ADA-1764460800000,1764460800000,SUPERSEDED,False,
ADA,ADA-1764547200000,1764547200000,SUPERSEDED,True,
ADA,ADA-1765065600000,1765065600000,SUPERSEDED,False,
ADA,ADA-1765929600000,1765929600000,NO_FRESH_ZONE,False,
ADA,ADA-1765584000000,1765584000000,SUPERSEDED,True,
ADA,ADA-1766016000000,1766016000000,SUPERSEDED,False,
ADA,ADA-1766707200000,1766707200000,SUPERSEDED,True,
ADA,ADA-1767225600000,1767225600000,SUPERSEDED,False,
ADA,ADA-1767916800000,1767916800000,SUPERSEDED,False,
ADA,ADA-1768953600000,1768953600000,TESTED_ZONE,False,auto-taken in main ledger; see auditor split
ADA,ADA-1768003200000,1768003200000,SUPERSEDED,False,
ADA,ADA-1769817600000,1769817600000,TESTED_ZONE,True,auto-taken in main ledger; see auditor split
ADA,ADA-1768953600000,1768953600000,SUPERSEDED,False,
ADA,ADA-1769904000000,1769904000000,TESTED_ZONE,False,auto-taken in main ledger; see auditor split
ADA,ADA-1769817600000,1769817600000,SUPERSEDED,True,
ADA,ADA-1769990400000,1769990400000,TESTED_ZONE,False,auto-taken in main ledger; see auditor split
ADA,ADA-1769904000000,1769904000000,SUPERSEDED,False,
ADA,ADA-1770336000000,1770336000000,TESTED_ZONE,False,auto-taken in main ledger; see auditor split
ADA,ADA-1769990400000,1769990400000,SUPERSEDED,False,
ADA,ADA-1770854400000,1770854400000,TESTED_ZONE,True,auto-taken in main ledger; see auditor split
ADA,ADA-1770336000000,1770336000000,SUPERSEDED,False,
ADA,ADA-1771545600000,1771545600000,TESTED_ZONE,True,auto-taken in main ledger; see auditor split
ADA,ADA-1770854400000,1770854400000,SUPERSEDED,True,
ADA,ADA-1771545600000,1771545600000,SUPERSEDED,True,
ADA,ADA-1771891200000,1771891200000,SUPERSEDED,False,
ADA,ADA-1772928000000,1772928000000,TESTED_ZONE,False,auto-taken in main ledger; see auditor split
ADA,ADA-1771977600000,1771977600000,SUPERSEDED,True,
ADA,ADA-1773014400000,1773014400000,TESTED_ZONE,True,auto-taken in main ledger; see auditor split
ADA,ADA-1772928000000,1772928000000,SUPERSEDED,False,
ADA,ADA-1774051200000,1774051200000,NO_FRESH_ZONE,False,
ADA,ADA-1774137600000,1774137600000,NO_FRESH_ZONE,False,
ADA,ADA-1774742400000,1774742400000,TESTED_ZONE,False,auto-taken in main ledger; see auditor split
ADA,ADA-1774828800000,1774828800000,TESTED_ZONE,False,auto-taken in main ledger; see auditor split
ADA,ADA-1774742400000,1774742400000,SUPERSEDED,False,
ADA,ADA-1776643200000,1776643200000,NO_FRESH_ZONE,False,
ADA,ADA-1777507200000,1777507200000,TESTED_ZONE,False,auto-taken in main ledger; see auditor split
ADA,ADA-1779062400000,1779062400000,TESTED_ZONE,False,auto-taken in main ledger; see auditor split
ADA,ADA-1779148800000,1779148800000,TESTED_ZONE,True,auto-taken in main ledger; see auditor split
ADA,ADA-1779062400000,1779062400000,SUPERSEDED,False,
ADA,ADA-1779235200000,1779235200000,TESTED_ZONE,False,auto-taken in main ledger; see auditor split
ADA,ADA-1779148800000,1779148800000,SUPERSEDED,True,
ADA,ADA-1780012800000,1780012800000,TESTED_ZONE,True,auto-taken in main ledger; see auditor split
ADA,ADA-1779235200000,1779235200000,SUPERSEDED,False,
ADA,ADA-1780099200000,1780099200000,TESTED_ZONE,False,auto-taken in main ledger; see auditor split
ADA,ADA-1780012800000,1780012800000,SUPERSEDED,True,
ADA,ADA-1780531200000,1780531200000,TESTED_ZONE,False,auto-taken in main ledger; see auditor split
ADA,ADA-1780099200000,1780099200000,SUPERSEDED,False,
ADA,ADA-1780617600000,1780617600000,TESTED_ZONE,False,auto-taken in main ledger; see auditor split
ADA,ADA-1780531200000,1780531200000,SUPERSEDED,False,
ADA,ADA-1780704000000,1780704000000,TESTED_ZONE,True,auto-taken in main ledger; see auditor split
ADA,ADA-1780617600000,1780617600000,SUPERSEDED,False,
ADA,ADA-1780704000000,1780704000000,SUPERSEDED,True,
ADA,ADA-1781740800000,1781740800000,SUPERSEDED,False,
ADA,ADA-1781827200000,1781827200000,SUPERSEDED,True,
ADA,ADA-1781913600000,1781913600000,SUPERSEDED,False,
ADA,ADA-1782432000000,1782432000000,SUPERSEDED,False,
ADA,ADA-1783468800000,1783468800000,SUPERSEDED,False,
ADA,ADA-1783555200000,1783555200000,SUPERSEDED,True,
ADA,ADA-1783641600000,1783641600000,SUPERSEDED,False,
ADA,ADA-1783987200000,1783987200000,EXPIRED,False,
ADA,ADA-1786320000000,1786320000000,NO_FRESH_ZONE,True,
ADA,ADA-1786406400000,1786406400000,NO_FRESH_ZONE,False,
ADA,ADA-1786492800000,1786492800000,SUPERSEDED,True,
ADA,ADA-1786579200000,1786579200000,SUPERSEDED,True,
ADA,ADA-1786665600000,1786665600000,SUPERSEDED,False,
ADA,ADA-1786752000000,1786752000000,SUPERSEDED,False,
ADA,ADA-1786838400000,1786838400000,SUPERSEDED,False,
ADA,ADA-1786924800000,1786924800000,SUPERSEDED,True,
ADA,ADA-1788134400000,1788134400000,ZONE_INVALIDATED,False,
ADA,ADA-1789084800000,1789084800000,NO_FRESH_ZONE,False,
AVAX,AVAX-1760659200000,1760659200000,SUPERSEDED,False,
AVAX,AVAX-1760745600000,1760745600000,SUPERSEDED,False,
AVAX,AVAX-1763078400000,1763078400000,NO_FRESH_ZONE,False,
AVAX,AVAX-1763164800000,1763164800000,NO_FRESH_ZONE,True,
AVAX,AVAX-1763769600000,1763769600000,TESTED_ZONE,True,auto-taken in main ledger; see auditor split
AVAX,AVAX-1761177600000,1761177600000,SUPERSEDED,False,
AVAX,AVAX-1763856000000,1763856000000,TESTED_ZONE,True,auto-taken in main ledger; see auditor split
AVAX,AVAX-1763769600000,1763769600000,SUPERSEDED,True,
AVAX,AVAX-1764547200000,1764547200000,TESTED_ZONE,False,auto-taken in main ledger; see auditor split
AVAX,AVAX-1763856000000,1763856000000,SUPERSEDED,True,
AVAX,AVAX-1764633600000,1764633600000,TESTED_ZONE,False,auto-taken in main ledger; see auditor split
AVAX,AVAX-1764547200000,1764547200000,SUPERSEDED,False,
AVAX,AVAX-1765584000000,1765584000000,TESTED_ZONE,True,auto-taken in main ledger; see auditor split
AVAX,AVAX-1764633600000,1764633600000,SUPERSEDED,False,
AVAX,AVAX-1765929600000,1765929600000,TESTED_ZONE,False,auto-taken in main ledger; see auditor split
AVAX,AVAX-1765584000000,1765584000000,SUPERSEDED,True,
AVAX,AVAX-1766016000000,1766016000000,TESTED_ZONE,False,auto-taken in main ledger; see auditor split
AVAX,AVAX-1765929600000,1765929600000,SUPERSEDED,False,
AVAX,AVAX-1766707200000,1766707200000,NO_FRESH_ZONE,True,
AVAX,AVAX-1768003200000,1768003200000,NO_FRESH_ZONE,False,
AVAX,AVAX-1768089600000,1768089600000,NO_FRESH_ZONE,True,
AVAX,AVAX-1768176000000,1768176000000,NO_FRESH_ZONE,True,
AVAX,AVAX-1768608000000,1768608000000,TESTED_ZONE,False,auto-taken in main ledger; see auditor split
AVAX,AVAX-1766016000000,1766016000000,SUPERSEDED,False,
AVAX,AVAX-1768953600000,1768953600000,TESTED_ZONE,False,auto-taken in main ledger; see auditor split
AVAX,AVAX-1768608000000,1768608000000,SUPERSEDED,False,
AVAX,AVAX-1769299200000,1769299200000,TESTED_ZONE,True,auto-taken in main ledger; see auditor split
AVAX,AVAX-1768953600000,1768953600000,SUPERSEDED,False,
AVAX,AVAX-1769385600000,1769385600000,TESTED_ZONE,False,auto-taken in main ledger; see auditor split
AVAX,AVAX-1769299200000,1769299200000,SUPERSEDED,True,
AVAX,AVAX-1769817600000,1769817600000,TESTED_ZONE,True,auto-taken in main ledger; see auditor split
AVAX,AVAX-1769385600000,1769385600000,SUPERSEDED,False,
AVAX,AVAX-1769904000000,1769904000000,TESTED_ZONE,False,auto-taken in main ledger; see auditor split
AVAX,AVAX-1769817600000,1769817600000,SUPERSEDED,True,
AVAX,AVAX-1769990400000,1769990400000,TESTED_ZONE,True,auto-taken in main ledger; see auditor split
AVAX,AVAX-1769904000000,1769904000000,SUPERSEDED,False,
AVAX,AVAX-1770336000000,1770336000000,TESTED_ZONE,False,auto-taken in main ledger; see auditor split
AVAX,AVAX-1769990400000,1769990400000,SUPERSEDED,True,
AVAX,AVAX-1770681600000,1770681600000,TESTED_ZONE,True,auto-taken in main ledger; see auditor split
AVAX,AVAX-1770336000000,1770336000000,SUPERSEDED,False,
AVAX,AVAX-1770768000000,1770768000000,TESTED_ZONE,False,auto-taken in main ledger; see auditor split
AVAX,AVAX-1770681600000,1770681600000,SUPERSEDED,True,
AVAX,AVAX-1770854400000,1770854400000,TESTED_ZONE,True,auto-taken in main ledger; see auditor split
AVAX,AVAX-1770768000000,1770768000000,SUPERSEDED,False,
AVAX,AVAX-1771372800000,1771372800000,TESTED_ZONE,True,auto-taken in main ledger; see auditor split
AVAX,AVAX-1770854400000,1770854400000,SUPERSEDED,True,
AVAX,AVAX-1771459200000,1771459200000,TESTED_ZONE,False,auto-taken in main ledger; see auditor split
AVAX,AVAX-1771372800000,1771372800000,SUPERSEDED,True,
AVAX,AVAX-1771459200000,1771459200000,SUPERSEDED,False,
AVAX,AVAX-1771891200000,1771891200000,SUPERSEDED,False,
AVAX,AVAX-1771977600000,1771977600000,SUPERSEDED,True,
AVAX,AVAX-1773014400000,1773014400000,NO_FRESH_ZONE,True,
AVAX,AVAX-1772928000000,1772928000000,ZONE_INVALIDATED,False,
AVAX,AVAX-1773964800000,1773964800000,NO_FRESH_ZONE,True,
AVAX,AVAX-1774742400000,1774742400000,SUPERSEDED,False,
AVAX,AVAX-1776643200000,1776643200000,ZONE_INVALIDATED,False,
AVAX,AVAX-1777507200000,1777507200000,NO_FRESH_ZONE,False,
AVAX,AVAX-1777680000000,1777680000000,NO_FRESH_ZONE,False,
AVAX,AVAX-1778716800000,1778716800000,NO_FRESH_ZONE,True,
AVAX,AVAX-1779062400000,1779062400000,SUPERSEDED,True,
AVAX,AVAX-1780012800000,1780012800000,SUPERSEDED,True,
AVAX,AVAX-1780099200000,1780099200000,SUPERSEDED,False,
AVAX,AVAX-1780531200000,1780531200000,SUPERSEDED,False,
AVAX,AVAX-1780617600000,1780617600000,SUPERSEDED,True,
AVAX,AVAX-1780704000000,1780704000000,SUPERSEDED,False,
AVAX,AVAX-1780790400000,1780790400000,SUPERSEDED,False,
AVAX,AVAX-1781913600000,1781913600000,TESTED_ZONE,False,auto-taken in main ledger; see auditor split
AVAX,AVAX-1781136000000,1781136000000,SUPERSEDED,False,
AVAX,AVAX-1781913600000,1781913600000,EXPIRED,False,
AVAX,AVAX-1786147200000,1786147200000,TESTED_ZONE,True,auto-taken in main ledger; see auditor split
AVAX,AVAX-1789084800000,1789084800000,TESTED_ZONE,False,auto-taken in main ledger; see auditor split
LINK,LINK-1760659200000,1760659200000,SUPERSEDED,False,
LINK,LINK-1763078400000,1763078400000,TESTED_ZONE,False,auto-taken in main ledger; see auditor split
LINK,LINK-1760745600000,1760745600000,SUPERSEDED,False,
LINK,LINK-1763164800000,1763164800000,TESTED_ZONE,True,auto-taken in main ledger; see auditor split
LINK,LINK-1763078400000,1763078400000,SUPERSEDED,False,
LINK,LINK-1763164800000,1763164800000,SUPERSEDED,True,
LINK,LINK-1764460800000,1764460800000,SUPERSEDED,False,
LINK,LINK-1765584000000,1765584000000,NO_FRESH_ZONE,True,
LINK,LINK-1766707200000,1766707200000,TESTED_ZONE,True,auto-taken in main ledger; see auditor split
LINK,LINK-1764547200000,1764547200000,SUPERSEDED,True,
LINK,LINK-1768003200000,1768003200000,TESTED_ZONE,False,auto-taken in main ledger; see auditor split
LINK,LINK-1766707200000,1766707200000,SUPERSEDED,True,
LINK,LINK-1768089600000,1768089600000,TESTED_ZONE,True,auto-taken in main ledger; see auditor split
LINK,LINK-1768003200000,1768003200000,SUPERSEDED,False,
LINK,LINK-1768953600000,1768953600000,TESTED_ZONE,False,auto-taken in main ledger; see auditor split
LINK,LINK-1768089600000,1768089600000,SUPERSEDED,True,
LINK,LINK-1769299200000,1769299200000,TESTED_ZONE,True,auto-taken in main ledger; see auditor split
LINK,LINK-1768953600000,1768953600000,SUPERSEDED,False,
LINK,LINK-1769385600000,1769385600000,TESTED_ZONE,False,auto-taken in main ledger; see auditor split
LINK,LINK-1769299200000,1769299200000,SUPERSEDED,True,
LINK,LINK-1769817600000,1769817600000,TESTED_ZONE,True,auto-taken in main ledger; see auditor split
LINK,LINK-1769385600000,1769385600000,SUPERSEDED,False,
LINK,LINK-1769904000000,1769904000000,TESTED_ZONE,False,auto-taken in main ledger; see auditor split
LINK,LINK-1769817600000,1769817600000,SUPERSEDED,True,
LINK,LINK-1769990400000,1769990400000,TESTED_ZONE,False,auto-taken in main ledger; see auditor split
LINK,LINK-1769904000000,1769904000000,SUPERSEDED,False,
LINK,LINK-1770336000000,1770336000000,TESTED_ZONE,False,auto-taken in main ledger; see auditor split
LINK,LINK-1769990400000,1769990400000,SUPERSEDED,False,
LINK,LINK-1771891200000,1771891200000,TESTED_ZONE,False,auto-taken in main ledger; see auditor split
LINK,LINK-1770336000000,1770336000000,SUPERSEDED,False,
LINK,LINK-1771891200000,1771891200000,SUPERSEDED,False,
LINK,LINK-1771977600000,1771977600000,SUPERSEDED,True,
LINK,LINK-1772928000000,1772928000000,SUPERSEDED,False,
LINK,LINK-1773964800000,1773964800000,SUPERSEDED,True,
LINK,LINK-1774742400000,1774742400000,SUPERSEDED,False,
LINK,LINK-1774828800000,1774828800000,EXPIRED,False,
LINK,LINK-1777507200000,1777507200000,NO_FRESH_ZONE,False,
LINK,LINK-1777680000000,1777680000000,NO_FRESH_ZONE,False,
LINK,LINK-1779062400000,1779062400000,SUPERSEDED,True,
LINK,LINK-1780012800000,1780012800000,SUPERSEDED,True,
LINK,LINK-1780444800000,1780444800000,SUPERSEDED,False,
LINK,LINK-1780531200000,1780531200000,SUPERSEDED,False,
LINK,LINK-1780617600000,1780617600000,SUPERSEDED,True,
LINK,LINK-1780704000000,1780704000000,SUPERSEDED,True,
LINK,LINK-1781827200000,1781827200000,SUPERSEDED,True,
LINK,LINK-1781913600000,1781913600000,SUPERSEDED,False,
LINK,LINK-1783555200000,1783555200000,TESTED_ZONE,True,auto-taken in main ledger; see auditor split
LINK,LINK-1782432000000,1782432000000,SUPERSEDED,False,
LINK,LINK-1788998400000,1788998400000,SUPERSEDED,False,
NEAR,NEAR-1760659200000,1760659200000,SUPERSEDED,False,
NEAR,NEAR-1760745600000,1760745600000,SUPERSEDED,False,
NEAR,NEAR-1762992000000,1762992000000,SUPERSEDED,False,
NEAR,NEAR-1763078400000,1763078400000,SUPERSEDED,False,
NEAR,NEAR-1763164800000,1763164800000,SUPERSEDED,False,
NEAR,NEAR-1763856000000,1763856000000,SUPERSEDED,False,
NEAR,NEAR-1763942400000,1763942400000,SUPERSEDED,False,
NEAR,NEAR-1764547200000,1764547200000,SUPERSEDED,True,
NEAR,NEAR-1764633600000,1764633600000,SUPERSEDED,False,
NEAR,NEAR-1766620800000,1766620800000,TESTED_ZONE,False,auto-taken in main ledger; see auditor split
NEAR,NEAR-1765584000000,1765584000000,SUPERSEDED,True,
NEAR,NEAR-1766707200000,1766707200000,TESTED_ZONE,True,auto-taken in main ledger; see auditor split
NEAR,NEAR-1766620800000,1766620800000,SUPERSEDED,False,
NEAR,NEAR-1767139200000,1767139200000,TESTED_ZONE,False,auto-taken in main ledger; see auditor split
NEAR,NEAR-1766707200000,1766707200000,SUPERSEDED,True,
NEAR,NEAR-1767225600000,1767225600000,TESTED_ZONE,False,auto-taken in main ledger; see auditor split
NEAR,NEAR-1767139200000,1767139200000,SUPERSEDED,False,
NEAR,NEAR-1768953600000,1768953600000,TESTED_ZONE,False,auto-taken in main ledger; see auditor split
NEAR,NEAR-1767225600000,1767225600000,SUPERSEDED,False,
NEAR,NEAR-1769299200000,1769299200000,TESTED_ZONE,True,auto-taken in main ledger; see auditor split
NEAR,NEAR-1768953600000,1768953600000,SUPERSEDED,False,
NEAR,NEAR-1769385600000,1769385600000,TESTED_ZONE,False,auto-taken in main ledger; see auditor split
NEAR,NEAR-1769299200000,1769299200000,SUPERSEDED,True,
NEAR,NEAR-1769817600000,1769817600000,TESTED_ZONE,True,auto-taken in main ledger; see auditor split
NEAR,NEAR-1769385600000,1769385600000,SUPERSEDED,False,
NEAR,NEAR-1769904000000,1769904000000,TESTED_ZONE,False,auto-taken in main ledger; see auditor split
NEAR,NEAR-1769817600000,1769817600000,SUPERSEDED,True,
NEAR,NEAR-1769990400000,1769990400000,TESTED_ZONE,False,auto-taken in main ledger; see auditor split
NEAR,NEAR-1769904000000,1769904000000,SUPERSEDED,False,
NEAR,NEAR-1770336000000,1770336000000,TESTED_ZONE,False,auto-taken in main ledger; see auditor split
NEAR,NEAR-1769990400000,1769990400000,SUPERSEDED,False,
NEAR,NEAR-1770681600000,1770681600000,TESTED_ZONE,True,auto-taken in main ledger; see auditor split
NEAR,NEAR-1770336000000,1770336000000,SUPERSEDED,False,
NEAR,NEAR-1770768000000,1770768000000,TESTED_ZONE,False,auto-taken in main ledger; see auditor split
NEAR,NEAR-1770681600000,1770681600000,SUPERSEDED,True,
NEAR,NEAR-1770854400000,1770854400000,TESTED_ZONE,True,auto-taken in main ledger; see auditor split
NEAR,NEAR-1770768000000,1770768000000,SUPERSEDED,False,
NEAR,NEAR-1771545600000,1771545600000,TESTED_ZONE,True,auto-taken in main ledger; see auditor split
NEAR,NEAR-1770854400000,1770854400000,SUPERSEDED,True,
NEAR,NEAR-1771545600000,1771545600000,SUPERSEDED,True,
NEAR,NEAR-1772755200000,1772755200000,NO_FRESH_ZONE,False,
NEAR,NEAR-1772841600000,1772841600000,TESTED_ZONE,True,auto-taken in main ledger; see auditor split
NEAR,NEAR-1771977600000,1771977600000,SUPERSEDED,True,
NEAR,NEAR-1772928000000,1772928000000,TESTED_ZONE,False,auto-taken in main ledger; see auditor split
NEAR,NEAR-1772841600000,1772841600000,SUPERSEDED,True,
NEAR,NEAR-1773014400000,1773014400000,TESTED_ZONE,True,auto-taken in main ledger; see auditor split
NEAR,NEAR-1772928000000,1772928000000,SUPERSEDED,False,
NEAR,NEAR-1773014400000,1773014400000,ZONE_INVALIDATED,True,
NEAR,NEAR-1773964800000,1773964800000,SUPERSEDED,True,
NEAR,NEAR-1774051200000,1774051200000,SUPERSEDED,False,
NEAR,NEAR-1774137600000,1774137600000,SUPERSEDED,False,
NEAR,NEAR-1774224000000,1774224000000,SUPERSEDED,False,
NEAR,NEAR-1774569600000,1774569600000,SUPERSEDED,False,
NEAR,NEAR-1774656000000,1774656000000,SUPERSEDED,False,
NEAR,NEAR-1774742400000,1774742400000,SUPERSEDED,True,
NEAR,NEAR-1777334400000,1777334400000,TESTED_ZONE,False,auto-taken in main ledger; see auditor split
NEAR,NEAR-1777507200000,1777507200000,TESTED_ZONE,False,auto-taken in main ledger; see auditor split
NEAR,NEAR-1777334400000,1777334400000,SUPERSEDED,False,
NEAR,NEAR-1777680000000,1777680000000,TESTED_ZONE,False,auto-taken in main ledger; see auditor split
NEAR,NEAR-1777507200000,1777507200000,SUPERSEDED,False,
NEAR,NEAR-1777680000000,1777680000000,ZONE_INVALIDATED,False,
NEAR,NEAR-1778889600000,1778889600000,NO_FRESH_ZONE,True,
NEAR,NEAR-1780012800000,1780012800000,NO_FRESH_ZONE,True,
NEAR,NEAR-1780099200000,1780099200000,NO_FRESH_ZONE,False,
NEAR,NEAR-1780790400000,1780790400000,NO_FRESH_ZONE,False,
NEAR,NEAR-1782259200000,1782259200000,TESTED_ZONE,True,auto-taken in main ledger; see auditor split
NEAR,NEAR-1782345600000,1782345600000,TESTED_ZONE,False,auto-taken in main ledger; see auditor split
NEAR,NEAR-1782259200000,1782259200000,SUPERSEDED,True,
NEAR,NEAR-1782432000000,1782432000000,TESTED_ZONE,False,auto-taken in main ledger; see auditor split
NEAR,NEAR-1782345600000,1782345600000,SUPERSEDED,False,
NEAR,NEAR-1782518400000,1782518400000,TESTED_ZONE,True,auto-taken in main ledger; see auditor split
NEAR,NEAR-1782432000000,1782432000000,SUPERSEDED,False,
NEAR,NEAR-1782518400000,1782518400000,EXPIRED,True,
NEAR,NEAR-1785369600000,1785369600000,TESTED_ZONE,True,auto-taken in main ledger; see auditor split
NEAR,NEAR-1785369600000,1785369600000,SUPERSEDED,True,
NEAR,NEAR-1786060800000,1786060800000,SUPERSEDED,False,
NEAR,NEAR-1786147200000,1786147200000,EXPIRED,False,
ARB,ARB-1760659200000,1760659200000,TESTED_ZONE,False,auto-taken in main ledger; see auditor split
ARB,ARB-1760745600000,1760745600000,TESTED_ZONE,True,auto-taken in main ledger; see auditor split
ARB,ARB-1760659200000,1760659200000,SUPERSEDED,False,
ARB,ARB-1760745600000,1760745600000,SUPERSEDED,True,
ARB,ARB-1763078400000,1763078400000,SUPERSEDED,False,
ARB,ARB-1763164800000,1763164800000,SUPERSEDED,True,
ARB,ARB-1763856000000,1763856000000,SUPERSEDED,True,
ARB,ARB-1765584000000,1765584000000,TESTED_ZONE,True,auto-taken in main ledger; see auditor split
ARB,ARB-1764547200000,1764547200000,SUPERSEDED,True,
ARB,ARB-1768003200000,1768003200000,NO_FRESH_ZONE,False,
ARB,ARB-1768089600000,1768089600000,NO_FRESH_ZONE,False,
ARB,ARB-1768176000000,1768176000000,TESTED_ZONE,False,auto-taken in main ledger; see auditor split
ARB,ARB-1765584000000,1765584000000,SUPERSEDED,True,
ARB,ARB-1768262400000,1768262400000,TESTED_ZONE,False,auto-taken in main ledger; see auditor split
ARB,ARB-1768176000000,1768176000000,SUPERSEDED,False,
ARB,ARB-1768608000000,1768608000000,TESTED_ZONE,True,auto-taken in main ledger; see auditor split
ARB,ARB-1768262400000,1768262400000,SUPERSEDED,False,
ARB,ARB-1768608000000,1768608000000,SUPERSEDED,True,
ARB,ARB-1768953600000,1768953600000,SUPERSEDED,False,
ARB,ARB-1769299200000,1769299200000,SUPERSEDED,False,
ARB,ARB-1769385600000,1769385600000,SUPERSEDED,False,
ARB,ARB-1769904000000,1769904000000,SUPERSEDED,False,
ARB,ARB-1770336000000,1770336000000,TESTED_ZONE,False,auto-taken in main ledger; see auditor split
ARB,ARB-1769990400000,1769990400000,SUPERSEDED,True,
ARB,ARB-1770681600000,1770681600000,TESTED_ZONE,True,auto-taken in main ledger; see auditor split
ARB,ARB-1770336000000,1770336000000,SUPERSEDED,False,
ARB,ARB-1770768000000,1770768000000,TESTED_ZONE,False,auto-taken in main ledger; see auditor split
ARB,ARB-1770681600000,1770681600000,SUPERSEDED,True,
ARB,ARB-1770854400000,1770854400000,TESTED_ZONE,True,auto-taken in main ledger; see auditor split
ARB,ARB-1770768000000,1770768000000,SUPERSEDED,False,
ARB,ARB-1771545600000,1771545600000,TESTED_ZONE,True,auto-taken in main ledger; see auditor split
ARB,ARB-1770854400000,1770854400000,SUPERSEDED,True,
ARB,ARB-1771632000000,1771632000000,TESTED_ZONE,False,auto-taken in main ledger; see auditor split
ARB,ARB-1771545600000,1771545600000,SUPERSEDED,True,
ARB,ARB-1771632000000,1771632000000,SUPERSEDED,False,
ARB,ARB-1771977600000,1771977600000,SUPERSEDED,False,
ARB,ARB-1772928000000,1772928000000,SUPERSEDED,False,
ARB,ARB-1773014400000,1773014400000,SUPERSEDED,True,
ARB,ARB-1773964800000,1773964800000,SUPERSEDED,True,
ARB,ARB-1774742400000,1774742400000,SUPERSEDED,True,
ARB,ARB-1777852800000,1777852800000,TESTED_ZONE,True,auto-taken in main ledger; see auditor split
ARB,ARB-1777939200000,1777939200000,TESTED_ZONE,True,auto-taken in main ledger; see auditor split
ARB,ARB-1777939200000,1777939200000,POSITION_ALREADY_OPEN,True,
ARB,ARB-1778716800000,1778716800000,SUPERSEDED,True,
ARB,ARB-1778889600000,1778889600000,SUPERSEDED,True,
ARB,ARB-1778976000000,1778976000000,SUPERSEDED,False,
ARB,ARB-1779062400000,1779062400000,SUPERSEDED,False,
ARB,ARB-1780099200000,1780099200000,SUPERSEDED,False,
ARB,ARB-1780790400000,1780790400000,SUPERSEDED,False,
ARB,ARB-1781136000000,1781136000000,EXPIRED,False,
ARB,ARB-1782432000000,1782432000000,TESTED_ZONE,False,auto-taken in main ledger; see auditor split
ARB,ARB-1782432000000,1782432000000,SUPERSEDED,False,
ARB,ARB-1785024000000,1785024000000,SUPERSEDED,True,
ARB,ARB-1788134400000,1788134400000,NO_FRESH_ZONE,True,
ARB,ARB-1788998400000,1788998400000,SUPERSEDED,False,
ARB,ARB-1789084800000,1789084800000,SUPERSEDED,False,
ARB,ARB-1790985600000,1790985600000,TESTED_ZONE,False,auto-taken in main ledger; see auditor split
ARB,ARB-1790985600000,1790985600000,EXPIRED,False,data end
